sp_I_05,fA_I_05,fB_I_05,qs_I_05,time_05
0.9705119,1.030574,1.0150417,1.0257252,2014-09-24 17:47:49.483
0.97175086,1.0319445,1.0170143,1.0272936,2014-09-24 17:47:50.483
0.97163093,1.0310421,1.0165976,1.0267105,2014-09-24 17:47:51.483
0.9696332,1.0286727,1.0138243,1.0243397,2014-09-24 17:47:52.483
0.9694753,1.0297314,1.0158794,1.026129,2014-09-24 17:47:53.483
0.97090733,1.0307779,1.015811,1.0257897,2014-09-24 17:47:54.483
0.97095793,1.0297925,1.0143988,1.0255564,2014-09-24 17:47:55.483
0.9694743,1.0300565,1.0160084,1.0258223,2014-09-24 17:47:56.483
0.9714216,1.0304061,1.015543,1.0258882,2014-09-24 17:47:57.483
0.9701932,1.0302482,1.0158778,1.0255622,2014-09-24 17:47:58.483
0.97165865,1.033032,1.0188321,1.0281987,2014-09-24 17:47:59.483
0.9697156,1.0296761,1.0151255,1.0250742,2014-09-24 17:48:00.483
0.9697141,1.0299921,1.0156548,1.0256871,2014-09-24 17:48:01.483
0.96927726,1.0301899,1.0155685,1.0255194,2014-09-24 17:48:02.483
0.9691983,1.0297092,1.0148538,1.0254892,2014-09-24 17:48:03.483
0.9718495,1.0336741,1.018405,1.0271538,2014-09-24 17:48:04.483
0.9698616,1.031559,1.0172336,1.0270121,2014-09-24 17:48:05.483
0.970764,1.0327811,1.0178471,1.0272826,2014-09-24 17:48:06.483
0.96952486,1.0312736,1.0163705,1.0257105,2014-09-24 17:48:07.483
0.97297347,1.0336442,1.0186385,1.0275402,2014-09-24 17:48:08.483
0.9699094,1.0311154,1.0158018,1.0258205,2014-09-24 17:48:09.483
0.9718368,1.0325831,1.0175217,1.026545,2014-09-24 17:48:10.483
0.9715098,1.0331079,1.0160332,1.0273671,2014-09-24 17:48:11.483
0.9701194,1.0304759,1.0163282,1.0256207,2014-09-24 17:48:12.483
0.97038454,1.0302658,1.0160784,1.0258545,2014-09-24 17:48:13.483
0.9716659,1.0327085,1.0180563,1.0266613,2014-09-24 17:48:14.483
0.9702085,1.0313523,1.0170194,1.0264769,2014-09-24 17:48:15.483
0.97090834,1.0317552,1.0172389,1.0267514,2014-09-24 17:48:16.483
0.97008824,1.0315282,1.0177428,1.0268217,2014-09-24 17:48:17.483
0.9711772,1.0318794,1.0173149,1.0274256,2014-09-24 17:48:18.483
0.96934146,1.0307473,1.0171325,1.0262092,2014-09-24 17:48:19.483
0.9703685,1.0317023,1.0174943,1.0267631,2014-09-24 17:48:20.483
0.97217554,1.03209,1.0176637,1.026715,2014-09-24 17:48:21.483
0.9728208,1.0332674,1.019047,1.0277212,2014-09-24 17:48:22.483
0.97213423,1.0324707,1.0184237,1.0274961,2014-09-24 17:48:23.483
0.9712211,1.0320537,1.0185789,1.0283064,2014-09-24 17:48:24.483
0.97171116,1.0317096,1.0172465,1.0261223,2014-09-24 17:48:25.483
0.97286534,1.0329056,1.0189329,1.0280602,2014-09-24 17:48:26.483
0.9710016,1.0319816,1.0173157,1.0271666,2014-09-24 17:48:27.483
0.9699464,1.0304824,1.0164824,1.0258754,2014-09-24 17:48:28.483
0.97030973,1.0306084,1.0169333,1.0254723,2014-09-24 17:48:29.483
0.9724784,1.0321429,1.0187101,1.0279609,2014-09-24 17:48:30.483
0.97022885,1.0313381,1.0176709,1.0273156,2014-09-24 17:48:31.483
0.9713522,1.0329187,1.0180142,1.027924,2014-09-24 17:48:32.483
0.97005826,1.0307387,1.0179465,1.026743,2014-09-24 17:48:33.483
0.97178775,1.0324144,1.018719,1.0276703,2014-09-24 17:48:34.483
0.9708428,1.0312452,1.0177027,1.0271367,2014-09-24 17:48:35.483
0.97131747,1.0330517,1.0198611,1.0287726,2014-09-24 17:48:36.483
0.97288764,1.0331063,1.0203917,1.028946,2014-09-24 17:48:37.483
0.9722654,1.0334923,1.0203282,1.0296161,2014-09-24 17:48:38.483
0.9739394,1.0346944,1.0203279,1.029072,2014-09-24 17:48:39.483
0.9728937,1.033679,1.0198662,1.0289711,2014-09-24 17:48:40.483
0.9716607,1.033254,1.0194939,1.0282642,2014-09-24 17:48:41.483
0.97178274,1.0334408,1.0195882,1.0278612,2014-09-24 17:48:42.483
0.9725155,1.0330397,1.0193287,1.0276779,2014-09-24 17:48:43.483
0.97333544,1.0336478,1.0196897,1.0274513,2014-09-24 17:48:44.483
0.97231334,1.033373,1.0195621,1.0287193,2014-09-24 17:48:45.483
0.9722028,1.0338689,1.0205914,1.0292817,2014-09-24 17:48:46.483
0.97219527,1.0334806,1.0191413,1.0275284,2014-09-24 17:48:47.483
0.97190636,1.0327234,1.0194467,1.0281346,2014-09-24 17:48:48.483
0.9719174,1.032436,1.0193472,1.0273467,2014-09-24 17:48:49.483
0.97202355,1.032253,1.0191506,1.0270534,2014-09-24 17:48:50.483
0.9724782,1.0330813,1.0205278,1.0280441,2014-09-24 17:48:51.483
0.9716331,1.0327922,1.020044,1.0291846,2014-09-24 17:48:52.483
0.9704568,1.032527,1.0193042,1.027521,2014-09-24 17:48:53.483
0.97171247,1.0328684,1.0209719,1.0281917,2014-09-24 17:48:54.483
0.9713387,1.0325003,1.0199631,1.0276722,2014-09-24 17:48:55.483
0.97218126,1.0334442,1.0213863,1.0284836,2014-09-24 17:48:56.483
0.9713827,1.0312777,1.021422,1.0272563,2014-09-24 17:48:57.483
0.9737137,1.034862,1.023216,1.0291215,2014-09-24 17:48:58.483
0.9728631,1.0347264,1.0221031,1.0283798,2014-09-24 17:48:59.483
0.9724024,1.033395,1.0201391,1.0274016,2014-09-24 17:49:00.483
0.9705869,1.0328504,1.0197843,1.0263299,2014-09-24 17:49:01.483
0.9719736,1.0345666,1.0214641,1.0277237,2014-09-24 17:49:02.483
0.9727668,1.034871,1.022052,1.028279,2014-09-24 17:49:03.483
0.97225696,1.0346613,1.0220852,1.0285804,2014-09-24 17:49:04.483
0.9721397,1.0348629,1.0221525,1.0282762,2014-09-24 17:49:05.483
0.97151226,1.0332367,1.0213386,1.027146,2014-09-24 17:49:06.483
0.97092843,1.032902,1.0207027,1.0273876,2014-09-24 17:49:07.483
0.971741,1.0343637,1.0222309,1.0285331,2014-09-24 17:49:08.483
0.97209275,1.0350066,1.023495,1.028003,2014-09-24 17:49:09.483
0.9717042,1.0366199,1.0243329,1.0289813,2014-09-24 17:49:10.483
0.97308874,1.0384843,1.0249865,1.0271498,2014-09-24 17:49:11.483
0.9718513,1.04039,1.0270454,1.0287253,2014-09-24 17:49:12.483
0.972647,1.0426556,1.0278441,1.0293986,2014-09-24 17:49:13.483
0.97122645,1.0408009,1.0255255,1.0270022,2014-09-24 17:49:14.483
0.97032243,1.0418634,1.0253297,1.0273343,2014-09-24 17:49:15.483
0.97115993,1.0426743,1.0273136,1.0282772,2014-09-24 17:49:16.483
0.97376716,1.043792,1.0288563,1.0289121,2014-09-24 17:49:17.483
0.97174907,1.046485,1.0301535,1.028627,2014-09-24 17:49:18.483
0.9731529,1.0500052,1.0328856,1.0298294,2014-09-24 17:49:19.483
0.9721911,1.0511258,1.0325298,1.0282396,2014-09-24 17:49:20.483
0.9728534,1.0513506,1.032509,1.0297902,2014-09-24 17:49:21.483
0.97195476,1.0484245,1.0296884,1.0281909,2014-09-24 17:49:22.483
0.9712143,1.0467781,1.0284033,1.0275688,2014-09-24 17:49:23.483
0.9711336,1.045857,1.0271766,1.0270902,2014-09-24 17:49:24.483
0.9727432,1.0459135,1.0282452,1.0293301,2014-09-24 17:49:25.483
0.97174895,1.0447837,1.0274694,1.0289515,2014-09-24 17:49:26.483
0.9705365,1.0433025,1.0271577,1.0287106,2014-09-24 17:49:27.483
0.9708735,1.0423651,1.0266762,1.027077,2014-09-24 17:49:28.483
0.9709048,1.0440886,1.0280817,1.0274266,2014-09-24 17:49:29.483
0.97101134,1.0464134,1.0299088,1.027838,2014-09-24 17:49:30.483
0.97092533,1.0465636,1.0297326,1.0280863,2014-09-24 17:49:31.483
0.9713297,1.0472224,1.0297238,1.0297309,2014-09-24 17:49:32.483
0.97020006,1.0443497,1.0266114,1.0268112,2014-09-24 17:49:33.483
0.97191066,1.044314,1.0273733,1.0280169,2014-09-24 17:49:34.483
0.972042,1.0433818,1.0263377,1.0279276,2014-09-24 17:49:35.483
0.97106874,1.0424197,1.025462,1.0266049,2014-09-24 17:49:36.483
0.97093385,1.0437107,1.0270698,1.0284245,2014-09-24 17:49:37.483
0.9706742,1.0430051,1.0259184,1.0268193,2014-09-24 17:49:38.483
0.97226787,1.0454104,1.0286778,1.0290015,2014-09-24 17:49:39.483
0.9721216,1.0448022,1.0276448,1.0293361,2014-09-24 17:49:40.483
0.97077703,1.0429244,1.0268457,1.0280958,2014-09-24 17:49:41.483
0.97115046,1.0432527,1.025955,1.0283414,2014-09-24 17:49:42.483
0.97265124,1.0422124,1.0247736,1.0274136,2014-09-24 17:49:43.483
0.9718995,1.0418897,1.0256755,1.029326,2014-09-24 17:49:44.483
0.9714117,1.0424104,1.0256984,1.0293717,2014-09-24 17:49:45.483
0.9707692,1.0403677,1.0238168,1.0269253,2014-09-24 17:49:46.483
0.9711085,1.0411386,1.0251412,1.0283582,2014-09-24 17:49:47.483
0.97031754,1.0419874,1.0252161,1.028952,2014-09-24 17:49:48.483
0.97159445,1.0425235,1.0255888,1.0281537,2014-09-24 17:49:49.483
0.971253,1.0431837,1.026285,1.0290514,2014-09-24 17:49:50.483
0.97236705,1.0442717,1.0281252,1.0294195,2014-09-24 17:49:51.483
0.9730945,1.045064,1.0264035,1.0278993,2014-09-24 17:49:52.483
0.9740949,1.0476843,1.0303403,1.0314296,2014-09-24 17:49:53.483
0.9718009,1.0448302,1.0285397,1.0286514,2014-09-24 17:49:54.483
0.97262603,1.0466431,1.0289416,1.030195,2014-09-24 17:49:55.483
0.97119844,1.0455716,1.0271807,1.0292192,2014-09-24 17:49:56.483
0.9709314,1.0465014,1.0287992,1.0283827,2014-09-24 17:49:57.483
0.97250324,1.0473849,1.0295659,1.0293813,2014-09-24 17:49:58.483
0.97137827,1.0449779,1.0282326,1.0282624,2014-09-24 17:49:59.483
0.9724741,1.0446365,1.0274975,1.0284609,2014-09-24 17:50:00.483
0.9715401,1.0447187,1.0282373,1.0286723,2014-09-24 17:50:01.483
0.9711332,1.0445559,1.0280718,1.028834,2014-09-24 17:50:02.483
0.97204673,1.0440919,1.026889,1.0291634,2014-09-24 17:50:03.483
0.9690223,1.0414088,1.0260016,1.0276097,2014-09-24 17:50:04.483
0.97005886,1.0417895,1.0269009,1.0283588,2014-09-24 17:50:05.483
0.9718837,1.0428858,1.0271488,1.0288837,2014-09-24 17:50:06.483
0.97259665,1.0435781,1.0278026,1.0286447,2014-09-24 17:50:07.483
0.9723936,1.0422912,1.0267668,1.0292397,2014-09-24 17:50:08.483
0.97314435,1.0428472,1.0274781,1.029392,2014-09-24 17:50:09.483
0.97377115,1.0431137,1.0272493,1.029953,2014-09-24 17:50:10.483
0.97289425,1.042549,1.0276827,1.0297787,2014-09-24 17:50:11.483
0.9730171,1.0431576,1.0282184,1.0295768,2014-09-24 17:50:12.483
0.97446334,1.0421624,1.0283278,1.0301107,2014-09-24 17:50:13.483
0.97141045,1.0410984,1.0276284,1.0295714,2014-09-24 17:50:14.483
0.97200286,1.0406513,1.0269564,1.0287484,2014-09-24 17:50:15.483
0.9722814,1.0423608,1.0281765,1.0301852,2014-09-24 17:50:16.483
0.97384846,1.042103,1.0280715,1.0304737,2014-09-24 17:50:17.483
0.97250324,1.0418409,1.0277668,1.02986,2014-09-24 17:50:18.483
0.97414094,1.0423698,1.0285653,1.0303426,2014-09-24 17:50:19.483
0.97221774,1.0407546,1.0271659,1.0297679,2014-09-24 17:50:20.483
0.9726293,1.0407672,1.0273651,1.030073,2014-09-24 17:50:21.483
0.9730902,1.0425534,1.0296295,1.031882,2014-09-24 17:50:22.483
0.9718336,1.0410125,1.0281616,1.0303402,2014-09-24 17:50:23.483
0.9754504,1.04266,1.029557,1.0325317,2014-09-24 17:50:24.483
0.97184724,1.0397766,1.027377,1.0297469,2014-09-24 17:50:25.483
0.9726416,1.0406834,1.0282259,1.0310849,2014-09-24 17:50:26.483
0.97298586,1.0404423,1.0273787,1.0298196,2014-09-24 17:50:27.483
0.9716979,1.0389504,1.0269159,1.0293065,2014-09-24 17:50:28.483
0.9718016,1.0397148,1.0263888,1.0288868,2014-09-24 17:50:29.483
0.9743227,1.0415931,1.0286185,1.0317179,2014-09-24 17:50:30.483
0.9736991,1.0398415,1.0275625,1.0298495,2014-09-24 17:50:31.483
0.9739448,1.0411117,1.0267756,1.0295882,2014-09-24 17:50:32.483
0.9722062,1.0386988,1.0277344,1.0302839,2014-09-24 17:50:33.483
0.97340477,1.0400531,1.0281912,1.0310034,2014-09-24 17:50:34.483
0.9734189,1.0406518,1.0284073,1.0298414,2014-09-24 17:50:35.483
0.9730351,1.0397611,1.0281748,1.0311859,2014-09-24 17:50:36.483
0.9721415,1.0393382,1.0274725,1.0295959,2014-09-24 17:50:37.483
0.97117233,1.0382332,1.0273196,1.0299888,2014-09-24 17:50:38.483
0.97314787,1.0395855,1.0278622,1.0308752,2014-09-24 17:50:39.483
0.9730365,1.0401448,1.0275629,1.0305933,2014-09-24 17:50:40.483
0.97446674,1.0402398,1.0284442,1.0317727,2014-09-24 17:50:41.483
0.974051,1.0390271,1.0287924,1.0307007,2014-09-24 17:50:42.483
0.97464955,1.0403662,1.029634,1.0314239,2014-09-24 17:50:43.483
0.97373027,1.0403254,1.0296948,1.0309919,2014-09-24 17:50:44.483
0.9746204,1.0402049,1.0291567,1.031156,2014-09-24 17:50:45.483
0.9739144,1.0391563,1.0296891,1.0310674,2014-09-24 17:50:46.483
0.9731687,1.0392622,1.0292456,1.0306047,2014-09-24 17:50:47.483
0.9725524,1.0386212,1.0283906,1.0307696,2014-09-24 17:50:48.483
0.9739177,1.040303,1.0305759,1.031795,2014-09-24 17:50:49.483
0.97462636,1.040104,1.0301305,1.031894,2014-09-24 17:50:50.483
0.97378,1.0395107,1.0293566,1.0307635,2014-09-24 17:50:51.483
0.9742584,1.040142,1.0283744,1.0313028,2014-09-24 17:50:52.483
0.9734439,1.0386109,1.0281012,1.0297989,2014-09-24 17:50:53.483
0.9724515,1.037508,1.0273159,1.0290029,2014-09-24 17:50:54.483
0.9742141,1.0399133,1.0298101,1.0316322,2014-09-24 17:50:55.483
0.97478205,1.0412023,1.0296086,1.0312389,2014-09-24 17:50:56.483
0.97536725,1.0407213,1.0296056,1.0312905,2014-09-24 17:50:57.483
0.97630584,1.0422938,1.0316242,1.0333929,2014-09-24 17:50:58.483
0.9767512,1.0411955,1.0298845,1.0323945,2014-09-24 17:50:59.483
0.9726713,1.0377988,1.0285509,1.0308725,2014-09-24 17:51:00.483
0.97513837,1.0402937,1.0297687,1.0321592,2014-09-24 17:51:01.483
0.97507095,1.0405455,1.0305643,1.0331753,2014-09-24 17:51:02.483
0.9752108,1.039433,1.0281886,1.0304286,2014-09-24 17:51:03.483
0.97542566,1.0403903,1.0291721,1.0321805,2014-09-24 17:51:04.483
0.9741378,1.0395945,1.0301025,1.0323424,2014-09-24 17:51:05.483
0.9755923,1.0400333,1.0303056,1.0319387,2014-09-24 17:51:06.483
0.9740914,1.0398661,1.0301958,1.0319175,2014-09-24 17:51:07.483
0.9732336,1.0383627,1.028865,1.0316662,2014-09-24 17:51:08.483
0.9749141,1.04,1.0303081,1.0327655,2014-09-24 17:51:09.483
0.9726695,1.0358613,1.0272485,1.0299753,2014-09-24 17:51:10.483
0.974981,1.0395522,1.030179,1.0321839,2014-09-24 17:51:11.483
0.97444457,1.0393966,1.0297568,1.0321543,2014-09-24 17:51:12.483
0.9750007,1.0392476,1.0287322,1.0319351,2014-09-24 17:51:13.483
0.97539544,1.0391183,1.0291128,1.0309154,2014-09-24 17:51:14.483
0.9759773,1.039921,1.0298661,1.032571,2014-09-24 17:51:15.483
0.9772936,1.0415454,1.0308896,1.0342634,2014-09-24 17:51:16.483
0.9757103,1.0397823,1.0301358,1.032814,2014-09-24 17:51:17.483
0.9741912,1.0391762,1.0289453,1.0323541,2014-09-24 17:51:18.483
0.97531134,1.0395665,1.0294462,1.0316353,2014-09-24 17:51:19.483
0.97627056,1.0401716,1.0298917,1.0333209,2014-09-24 17:51:20.483
0.9772572,1.0390747,1.0289437,1.0319387,2014-09-24 17:51:21.483
0.9748307,1.0382006,1.0278496,1.0320445,2014-09-24 17:51:22.483
0.97851336,1.0434893,1.0326936,1.0359492,2014-09-24 17:51:23.483
0.9754003,1.040122,1.0299311,1.0332325,2014-09-24 17:51:24.483
0.9765954,1.0402298,1.0297831,1.0330158,2014-09-24 17:51:25.483
0.9759091,1.0392256,1.0287056,1.0320338,2014-09-24 17:51:26.483
0.9757615,1.0378401,1.0276392,1.0315583,2014-09-24 17:51:27.483
0.9763459,1.0386144,1.0285176,1.0332036,2014-09-24 17:51:28.483
0.97506654,1.0385804,1.0284203,1.032268,2014-09-24 17:51:29.483
0.97791475,1.0418229,1.0316807,1.0354251,2014-09-24 17:51:30.483
0.9773832,1.0405643,1.029507,1.0333263,2014-09-24 17:51:31.483
0.97802144,1.0410511,1.0299318,1.034483,2014-09-24 17:51:32.483
0.9758869,1.0392015,1.0285723,1.032526,2014-09-24 17:51:33.483
0.9773059,1.0411683,1.0301477,1.0338295,2014-09-24 17:51:34.483
0.9767852,1.040696,1.0304432,1.0344927,2014-09-24 17:51:35.483
0.9763755,1.039177,1.0288376,1.0334532,2014-09-24 17:51:36.483
0.9781618,1.0415504,1.0305668,1.0344226,2014-09-24 17:51:37.483
0.9758254,1.0392914,1.0286545,1.0330374,2014-09-24 17:51:38.483
0.9773316,1.0397681,1.0290803,1.0334805,2014-09-24 17:51:39.483
0.9769145,1.0394511,1.0289668,1.0330992,2014-09-24 17:51:40.483
0.977975,1.0407739,1.0300754,1.0343876,2014-09-24 17:51:41.483
0.9761156,1.0395758,1.0290139,1.0329537,2014-09-24 17:51:42.483
0.97725075,1.0400491,1.0289805,1.0340656,2014-09-24 17:51:43.483
0.97755665,1.0402734,1.0290366,1.0341429,2014-09-24 17:51:44.483
0.97818244,1.0415299,1.0305717,1.035445,2014-09-24 17:51:45.483
0.9792229,1.0418732,1.0309361,1.0351073,2014-09-24 17:51:46.483
0.977741,1.0392189,1.0284061,1.0338739,2014-09-24 17:51:47.483
0.9769744,1.0390165,1.0283101,1.033672,2014-09-24 17:51:48.483
0.9786234,1.0396314,1.029052,1.0341411,2014-09-24 17:51:49.483
0.97744626,1.0393555,1.0279102,1.0335261,2014-09-24 17:51:50.483
0.9772056,1.038756,1.0278227,1.0320009,2014-09-24 17:51:51.483
0.9788431,1.0403761,1.029569,1.0344235,2014-09-24 17:51:52.483
0.98093295,1.0415881,1.029644,1.0345976,2014-09-24 17:51:53.483
0.9794368,1.0417304,1.0309598,1.0357281,2014-09-24 17:51:54.483
0.9767233,1.0387363,1.0279027,1.0335853,2014-09-24 17:51:55.483
0.9794624,1.0423892,1.0314782,1.0363314,2014-09-24 17:51:56.483
0.9791647,1.039845,1.0288646,1.0338311,2014-09-24 17:51:57.483
0.97830373,1.0411682,1.030218,1.0351454,2014-09-24 17:51:58.483
0.97907233,1.0415598,1.030207,1.0351392,2014-09-24 17:51:59.483
0.9792514,1.0423691,1.0305525,1.034939,2014-09-24 17:52:00.483
0.9783198,1.040336,1.0290334,1.0342202,2014-09-24 17:52:01.483
0.9793874,1.0412062,1.0303307,1.0345125,2014-09-24 17:52:02.483
0.9784083,1.0409253,1.0294716,1.0339335,2014-09-24 17:52:03.483
0.9776477,1.0401647,1.0293435,1.0340605,2014-09-24 17:52:04.483
0.97843015,1.0413747,1.0304105,1.0355085,2014-09-24 17:52:05.483
0.97791815,1.040041,1.0291378,1.0340337,2014-09-24 17:52:06.483
0.9781735,1.0415626,1.0309191,1.0356525,2014-09-24 17:52:07.483
0.97772604,1.0399764,1.0296315,1.03441,2014-09-24 17:52:08.483
0.9788114,1.0416617,1.0301517,1.0355388,2014-09-24 17:52:09.483
0.9798053,1.0417612,1.0305884,1.0352107,2014-09-24 17:52:10.483
0.97917134,1.0418029,1.0303998,1.0356312,2014-09-24 17:52:11.483
0.9778756,1.0405191,1.0295452,1.0344003,2014-09-24 17:52:12.483
0.9756749,1.0402725,1.0291542,1.0335226,2014-09-24 17:52:13.483
0.9785785,1.0399071,1.0281144,1.0323375,2014-09-24 17:52:14.483
0.9774462,1.0395563,1.0277455,1.0331519,2014-09-24 17:52:15.483
0.9772698,1.0400956,1.0280554,1.0336937,2014-09-24 17:52:16.483
0.9771611,1.0401101,1.0286586,1.0334312,2014-09-24 17:52:17.483
0.9783025,1.0404574,1.0292445,1.0334243,2014-09-24 17:52:18.483
0.9781818,1.0394078,1.0274655,1.0332247,2014-09-24 17:52:19.483
0.9777168,1.040188,1.0296097,1.035068,2014-09-24 17:52:20.483
0.97816205,1.0403361,1.0300673,1.0345405,2014-09-24 17:52:21.483
0.978239,1.0409528,1.0294807,1.0346256,2014-09-24 17:52:22.483
0.97932094,1.0413028,1.0303379,1.0348774,2014-09-24 17:52:23.483
0.9786868,1.041328,1.0309105,1.035117,2014-09-24 17:52:24.483
0.9789052,1.0414968,1.0305775,1.0344794,2014-09-24 17:52:25.483
0.97918046,1.0407798,1.0305289,1.0351154,2014-09-24 17:52:26.483
0.977902,1.041021,1.0308042,1.0346243,2014-09-24 17:52:27.483
0.97957665,1.0424347,1.0318359,1.0359462,2014-09-24 17:52:28.483
0.9777347,1.0404665,1.0308087,1.0353916,2014-09-24 17:52:29.483
0.9785786,1.0418509,1.0320714,1.0359936,2014-09-24 17:52:30.483
0.9790883,1.0420845,1.0331827,1.036735,2014-09-24 17:52:31.483
0.9807946,1.0433664,1.03303,1.0363188,2014-09-24 17:52:32.483
0.97867244,1.0419677,1.0321901,1.0353843,2014-09-24 17:52:33.483
0.97885114,1.0425189,1.0327793,1.0361333,2014-09-24 17:52:34.483
0.9793216,1.0432926,1.0335183,1.0359579,2014-09-24 17:52:35.483
0.9779668,1.0416621,1.0315485,1.0348849,2014-09-24 17:52:36.483
0.98014116,1.0430773,1.0334564,1.0354712,2014-09-24 17:52:37.483
0.9797409,1.0433469,1.033345,1.0356344,2014-09-24 17:52:38.483
0.9792597,1.0429252,1.0329283,1.0359244,2014-09-24 17:52:39.483
0.97930914,1.0438268,1.0325989,1.0361186,2014-09-24 17:52:40.483
0.97978014,1.0440338,1.031821,1.0355458,2014-09-24 17:52:41.483
0.9803134,1.044074,1.0316551,1.0343821,2014-09-24 17:52:42.483
0.979161,1.0436535,1.0319775,1.0359406,2014-09-24 17:52:43.483
0.9821711,1.045116,1.0324146,1.0346168,2014-09-24 17:52:44.483
0.9793418,1.0436715,1.0318323,1.0345253,2014-09-24 17:52:45.483
0.9788535,1.0444373,1.0326109,1.0355302,2014-09-24 17:52:46.483
0.98044246,1.0434016,1.0315889,1.0343626,2014-09-24 17:52:47.483
0.9808733,1.0447624,1.0319374,1.0350761,2014-09-24 17:52:48.483
0.9807487,1.0457066,1.0329462,1.0353931,2014-09-24 17:52:49.483
0.9790187,1.0444093,1.0320994,1.0342628,2014-09-24 17:52:50.483
0.979363,1.0451863,1.0334901,1.0358676,2014-09-24 17:52:51.483
0.9815013,1.048044,1.0352446,1.0369803,2014-09-24 17:52:52.483
0.97908604,1.0451568,1.0338619,1.0361387,2014-09-24 17:52:53.483
0.9803047,1.0468948,1.0346678,1.0361199,2014-09-24 17:52:54.483
0.9811393,1.0485528,1.0357149,1.0367818,2014-09-24 17:52:55.483
0.97904307,1.0467687,1.0340736,1.0352956,2014-09-24 17:52:56.483
0.9796875,1.0466324,1.0335214,1.0351574,2014-09-24 17:52:57.483
0.97934103,1.0458258,1.0332052,1.034411,2014-09-24 17:52:58.483
0.97893655,1.0454473,1.0326033,1.0351826,2014-09-24 17:52:59.483
0.9791964,1.0468392,1.0347449,1.0373169,2014-09-24 17:53:00.483
0.978983,1.0454328,1.0330726,1.0359982,2014-09-24 17:53:01.483
0.9797467,1.045733,1.0328864,1.0361644,2014-09-24 17:53:02.483
0.98254186,1.04861,1.0357287,1.0382303,2014-09-24 17:53:03.483
0.97930366,1.0451276,1.0324285,1.035308,2014-09-24 17:53:04.483
0.9804286,1.0464656,1.0340511,1.0363799,2014-09-24 17:53:05.483
0.97849345,1.0445518,1.0334443,1.0364511,2014-09-24 17:53:06.483
0.97802234,1.0437734,1.0317333,1.0342131,2014-09-24 17:53:07.483
0.97982705,1.0447005,1.0323179,1.0348551,2014-09-24 17:53:08.483
0.9799279,1.045392,1.0337231,1.0361781,2014-09-24 17:53:09.483
0.9796096,1.0442026,1.0323045,1.0346148,2014-09-24 17:53:10.483
0.9802435,1.0449287,1.0336034,1.0363157,2014-09-24 17:53:11.483
0.9781253,1.0423963,1.031388,1.0337481,2014-09-24 17:53:12.483
0.97920203,1.0442365,1.0324033,1.0346221,2014-09-24 17:53:13.483
0.97890514,1.0439521,1.032641,1.036416,2014-09-24 17:53:14.483
0.9810317,1.0439237,1.0324757,1.034457,2014-09-24 17:53:15.483
0.9792271,1.0438957,1.0326145,1.0359745,2014-09-24 17:53:16.483
0.9805723,1.0449398,1.033352,1.0361034,2014-09-24 17:53:17.483
0.9789522,1.0432407,1.0330987,1.0366286,2014-09-24 17:53:18.483
0.97857505,1.042281,1.0324949,1.0356591,2014-09-24 17:53:19.483
0.9795827,1.0435197,1.033282,1.0356838,2014-09-24 17:53:20.483
0.9807336,1.0435971,1.0326799,1.0361446,2014-09-24 17:53:21.483
0.97978264,1.0434866,1.0335268,1.0363742,2014-09-24 17:53:22.483
0.9800069,1.0437222,1.0332566,1.0365475,2014-09-24 17:53:23.483
0.9809613,1.0439124,1.0332555,1.0370572,2014-09-24 17:53:24.483
0.98027843,1.0440042,1.0335923,1.0367645,2014-09-24 17:53:25.483
0.9784127,1.0423543,1.0321671,1.0362976,2014-09-24 17:53:26.483
0.9776947,1.0416873,1.0313507,1.0349958,2014-09-24 17:53:27.483
0.9807116,1.042959,1.0321667,1.0360614,2014-09-24 17:53:28.483
0.979847,1.0436016,1.0326523,1.0358287,2014-09-24 17:53:29.483
0.980615,1.0436287,1.0324976,1.0359602,2014-09-24 17:53:30.483
0.98089373,1.0424768,1.0328379,1.0367221,2014-09-24 17:53:31.483
0.9798342,1.0433373,1.0327519,1.0370846,2014-09-24 17:53:32.483
0.98091483,1.0439327,1.0322946,1.0366226,2014-09-24 17:53:33.483
0.9814873,1.0439597,1.0332875,1.0370903,2014-09-24 17:53:34.483
0.981157,1.0434225,1.0323962,1.036669,2014-09-24 17:53:35.483
0.98050225,1.0435407,1.033511,1.0380626,2014-09-24 17:53:36.483
0.9793274,1.0436728,1.0333511,1.0380042,2014-09-24 17:53:37.483
0.9823528,1.0444653,1.0344951,1.0380262,2014-09-24 17:53:38.483
0.9814896,1.0443598,1.0345567,1.0388479,2014-09-24 17:53:39.483
0.98175025,1.0438021,1.0335866,1.0373936,2014-09-24 17:53:40.483
0.9812366,1.0440316,1.0331156,1.0375353,2014-09-24 17:53:41.483
0.9819446,1.0438613,1.0343881,1.0385051,2014-09-24 17:53:42.483
0.98205334,1.0441194,1.0345432,1.0391135,2014-09-24 17:53:43.483
0.9816942,1.0440135,1.0336456,1.0376804,2014-09-24 17:53:44.483
0.98072326,1.0440415,1.034403,1.0387764,2014-09-24 17:53:45.483
0.9819023,1.0438253,1.0335195,1.0374583,2014-09-24 17:53:46.483
0.98132885,1.04364,1.0336831,1.038592,2014-09-24 17:53:47.483
0.979523,1.0416952,1.03207,1.0373902,2014-09-24 17:53:48.483
0.98167497,1.0434775,1.0336521,1.0382357,2014-09-24 17:53:49.483
0.98209995,1.0439973,1.0344521,1.03826,2014-09-24 17:53:50.483
0.9820359,1.0443524,1.0344182,1.0390675,2014-09-24 17:53:51.483
0.97996044,1.0434232,1.0332407,1.0377604,2014-09-24 17:53:52.483
0.98019516,1.0430539,1.0332855,1.0378008,2014-09-24 17:53:53.483
0.981592,1.0443306,1.0344077,1.0384947,2014-09-24 17:53:54.483
0.9813241,1.0431328,1.0336227,1.0371586,2014-09-24 17:53:55.483
0.97905916,1.0417168,1.0327018,1.0375826,2014-09-24 17:53:56.483
0.98187554,1.0453961,1.0359428,1.0404178,2014-09-24 17:53:57.483
0.98437405,1.0457413,1.0357132,1.039852,2014-09-24 17:53:58.483
0.98378146,1.0462579,1.0361422,1.0400237,2014-09-24 17:53:59.483
0.9816376,1.042882,1.0325024,1.0373384,2014-09-24 17:54:00.483
0.9815867,1.0439157,1.0339632,1.038913,2014-09-24 17:54:01.483
0.9835729,1.0452178,1.0348123,1.0387249,2014-09-24 17:54:02.483
0.98097795,1.0449638,1.0344034,1.0391399,2014-09-24 17:54:03.483
0.9822578,1.0462391,1.0359131,1.0409926,2014-09-24 17:54:04.483
0.982309,1.0448248,1.0343807,1.0386504,2014-09-24 17:54:05.483
0.9822512,1.0453107,1.0345461,1.039374,2014-09-24 17:54:06.483
0.9823104,1.0447011,1.0340488,1.0374517,2014-09-24 17:54:07.483
0.98348665,1.0449293,1.034858,1.0396236,2014-09-24 17:54:08.483
0.98188543,1.0447139,1.0345929,1.0388037,2014-09-24 17:54:09.483
0.9834079,1.0452249,1.035084,1.0394545,2014-09-24 17:54:10.483
0.98368704,1.0454412,1.0355026,1.039054,2014-09-24 17:54:11.483
0.98485714,1.0463834,1.0362966,1.0403776,2014-09-24 17:54:12.483
0.98135686,1.0438253,1.0340775,1.0390209,2014-09-24 17:54:13.483
0.98233485,1.0450352,1.0349516,1.0396708,2014-09-24 17:54:14.483
0.9825165,1.043735,1.0335615,1.03794,2014-09-24 17:54:15.483
0.9832631,1.045502,1.0354626,1.039608,2014-09-24 17:54:16.483
0.9830792,1.0452291,1.0352081,1.0394704,2014-09-24 17:54:17.483
0.9829145,1.0449915,1.0353012,1.0393944,2014-09-24 17:54:18.483
0.98310035,1.0462182,1.0355923,1.0392779,2014-09-24 17:54:19.483
0.9833624,1.0448787,1.0351287,1.03885,2014-09-24 17:54:20.483
0.9848354,1.0471458,1.0364369,1.0400239,2014-09-24 17:54:21.483
0.98255616,1.0448618,1.0345175,1.0394245,2014-09-24 17:54:22.483
0.9822535,1.0453043,1.0345801,1.0389007,2014-09-24 17:54:23.483
0.9826255,1.0449685,1.0351285,1.0388312,2014-09-24 17:54:24.483
0.98296756,1.0442727,1.0352968,1.0389351,2014-09-24 17:54:25.483
0.981073,1.0437124,1.0333477,1.0380071,2014-09-24 17:54:26.483
0.9839646,1.0448236,1.034075,1.0380849,2014-09-24 17:54:27.483
0.9817125,1.0455029,1.0343697,1.0394782,2014-09-24 17:54:28.483
0.9834974,1.0458713,1.0356303,1.0394312,2014-09-24 17:54:29.483
0.98132205,1.0438144,1.0331583,1.0376865,2014-09-24 17:54:30.483
0.9807571,1.0436516,1.0339619,1.0388587,2014-09-24 17:54:31.483
0.982474,1.0442431,1.0341834,1.038226,2014-09-24 17:54:32.483
0.98312324,1.0452852,1.0349985,1.0393915,2014-09-24 17:54:33.483
0.98040843,1.0441499,1.0337255,1.037288,2014-09-24 17:54:34.483
0.97991264,1.042206,1.0319364,1.0366387,2014-09-24 17:54:35.483
0.9822759,1.0442747,1.0331697,1.0369402,2014-09-24 17:54:36.483
0.9802684,1.043677,1.0342551,1.0388352,2014-09-24 17:54:37.483
0.98022383,1.043142,1.0331672,1.0384037,2014-09-24 17:54:38.483
0.98178655,1.0442398,1.0336767,1.0375819,2014-09-24 17:54:39.483
0.9827455,1.0443196,1.0341374,1.0380396,2014-09-24 17:54:40.483
0.98275995,1.0441179,1.0335227,1.0375965,2014-09-24 17:54:41.483
0.98145646,1.0427969,1.032957,1.0373379,2014-09-24 17:54:42.483
0.98059785,1.0431786,1.0330073,1.037429,2014-09-24 17:54:43.483
0.9810794,1.0432699,1.0344971,1.0392225,2014-09-24 17:54:44.483
0.9801588,1.0421149,1.03282,1.037426,2014-09-24 17:54:45.483
0.9817548,1.0433111,1.0329112,1.037247,2014-09-24 17:54:46.483
0.98182267,1.0434784,1.0333182,1.0376871,2014-09-24 17:54:47.483
0.97947794,1.0421817,1.0322323,1.0368319,2014-09-24 17:54:48.483
0.9776186,1.0402919,1.0310934,1.0356692,2014-09-24 17:54:49.483
0.9811279,1.0434532,1.0333763,1.0380653,2014-09-24 17:54:50.483
0.9810743,1.0441252,1.0337274,1.038788,2014-09-24 17:54:51.483
0.97955585,1.0413673,1.0324653,1.0373896,2014-09-24 17:54:52.483
0.9789143,1.0410929,1.0311546,1.0358965,2014-09-24 17:54:53.483
0.9790337,1.0416629,1.0318149,1.0364369,2014-09-24 17:54:54.483
0.9799998,1.0423421,1.0323764,1.0369885,2014-09-24 17:54:55.483
0.97778296,1.0401613,1.03021,1.0352639,2014-09-24 17:54:56.483
0.97928894,1.0398552,1.0297667,1.0351086,2014-09-24 17:54:57.483
0.9789041,1.0399923,1.0305291,1.0355341,2014-09-24 17:54:58.483
0.9795675,1.0411294,1.0316173,1.0359508,2014-09-24 17:54:59.483
0.98064786,1.0431246,1.0330527,1.0377005,2014-09-24 17:55:00.483
0.97859573,1.0410595,1.0311118,1.036229,2014-09-24 17:55:01.483
0.9781276,1.0413272,1.0310365,1.0359702,2014-09-24 17:55:02.483
0.97745514,1.040652,1.028714,1.0347255,2014-09-24 17:55:03.483
0.9792544,1.0417206,1.03079,1.0357984,2014-09-24 17:55:04.483
0.9806638,1.042845,1.0322113,1.0375339,2014-09-24 17:55:05.483
0.9802742,1.042028,1.0312622,1.0361575,2014-09-24 17:55:06.483
0.9802394,1.0432198,1.0326837,1.0379661,2014-09-24 17:55:07.483
0.98276424,1.0427158,1.031453,1.0367761,2014-09-24 17:55:08.483
0.9811435,1.0440483,1.0329276,1.0376174,2014-09-24 17:55:09.483
0.9787124,1.0419782,1.0311128,1.035838,2014-09-24 17:55:10.483
0.9793468,1.0421954,1.0320657,1.0368404,2014-09-24 17:55:11.483
0.97914,1.041824,1.0322897,1.0376389,2014-09-24 17:55:12.483
0.9759899,1.0376847,1.0285531,1.0333893,2014-09-24 17:55:13.483
0.97966343,1.041953,1.0313551,1.0361134,2014-09-24 17:55:14.483
0.9793754,1.04262,1.0328767,1.038088,2014-09-24 17:55:15.483
0.97779226,1.0406128,1.0300751,1.0354673,2014-09-24 17:55:16.483
0.9790443,1.0424525,1.0318836,1.0372592,2014-09-24 17:55:17.483
0.9798159,1.041927,1.0318658,1.0383725,2014-09-24 17:55:18.483
0.97896755,1.0412433,1.0311024,1.0367842,2014-09-24 17:55:19.483
0.9810933,1.0425212,1.0317458,1.037113,2014-09-24 17:55:20.483
0.980516,1.0435574,1.0323143,1.0378568,2014-09-24 17:55:21.483
0.9792498,1.0426177,1.0320408,1.0374976,2014-09-24 17:55:22.483
0.98157674,1.0453439,1.034414,1.0391257,2014-09-24 17:55:23.483
0.98049444,1.0424019,1.0319011,1.0371172,2014-09-24 17:55:24.483
0.9794161,1.0421064,1.0320228,1.03745,2014-09-24 17:55:25.483
0.9796507,1.041997,1.0314147,1.0364429,2014-09-24 17:55:26.483
0.9789156,1.0420015,1.0323458,1.0378909,2014-09-24 17:55:27.483
0.9802663,1.0429178,1.0331689,1.0377063,2014-09-24 17:55:28.483
0.9784145,1.0424068,1.0322169,1.0375028,2014-09-24 17:55:29.483
0.97936255,1.0417454,1.0311555,1.0363531,2014-09-24 17:55:30.483
0.977832,1.0428677,1.0315778,1.037541,2014-09-24 17:55:31.483
0.9797855,1.0431945,1.032159,1.0378089,2014-09-24 17:55:32.483
0.9794714,1.0426753,1.0322015,1.0371944,2014-09-24 17:55:33.483
0.9793302,1.042644,1.031788,1.0373366,2014-09-24 17:55:34.483
0.9777959,1.0413847,1.0307518,1.0366374,2014-09-24 17:55:35.483
0.9794218,1.043087,1.0322844,1.0381438,2014-09-24 17:55:36.483
0.9793132,1.0432643,1.0315189,1.0370854,2014-09-24 17:55:37.483
0.98083097,1.0439649,1.0323919,1.0370874,2014-09-24 17:55:38.483
0.97768676,1.0412403,1.0311432,1.0360062,2014-09-24 17:55:39.483
0.9810988,1.0441711,1.0336328,1.0385176,2014-09-24 17:55:40.483
0.98073703,1.0442495,1.0334419,1.0381958,2014-09-24 17:55:41.483
0.98128736,1.0435271,1.0330507,1.0369797,2014-09-24 17:55:42.483
0.9809848,1.0434945,1.0332156,1.0381156,2014-09-24 17:55:43.483
0.9809188,1.0432041,1.0331973,1.0389137,2014-09-24 17:55:44.483
0.9797061,1.0427802,1.0323335,1.0381664,2014-09-24 17:55:45.483
0.98036,1.0438318,1.03396,1.0373607,2014-09-24 17:55:46.483
0.9814503,1.044455,1.0341296,1.0391737,2014-09-24 17:55:47.483
0.98194677,1.0452263,1.0346301,1.0398166,2014-09-24 17:55:48.483
0.9814425,1.0452018,1.0346568,1.0394973,2014-09-24 17:55:49.483
0.97988707,1.0449126,1.0347632,1.0396782,2014-09-24 17:55:50.483
0.98125684,1.044761,1.0340614,1.0391738,2014-09-24 17:55:51.483
0.9820613,1.0456494,1.035017,1.0396212,2014-09-24 17:55:52.483
0.98096997,1.0451872,1.033314,1.0381129,2014-09-24 17:55:53.483
0.98012805,1.0441544,1.032676,1.0375566,2014-09-24 17:55:54.483
0.97958314,1.0438387,1.0322715,1.0382882,2014-09-24 17:55:55.483
0.97953093,1.0445273,1.0332935,1.0387759,2014-09-24 17:55:56.483
0.9813269,1.0448871,1.0334748,1.0378549,2014-09-24 17:55:57.483
0.97821903,1.0429733,1.0316055,1.0368484,2014-09-24 17:55:58.483
0.9771281,1.0424643,1.0306495,1.036247,2014-09-24 17:55:59.483
0.9791296,1.0427483,1.0316092,1.0372308,2014-09-24 17:56:00.483
0.9782462,1.0432098,1.0319488,1.0367968,2014-09-24 17:56:01.483
0.9777545,1.0419079,1.0292494,1.035446,2014-09-24 17:56:02.483
0.97908205,1.0424672,1.0311639,1.0372887,2014-09-24 17:56:03.483
0.9797187,1.0447717,1.0324857,1.0381936,2014-09-24 17:56:04.483
0.9785395,1.0423758,1.0311548,1.036655,2014-09-24 17:56:05.483
0.9775612,1.0430827,1.03089,1.0361247,2014-09-24 17:56:06.483
0.97850704,1.0423855,1.0302225,1.0362713,2014-09-24 17:56:07.483
0.9790374,1.0433909,1.0310096,1.0378724,2014-09-24 17:56:08.483
0.97885686,1.0430464,1.0311394,1.0369846,2014-09-24 17:56:09.483
0.97846395,1.0420685,1.0293944,1.0358571,2014-09-24 17:56:10.483
0.9776459,1.0416898,1.0297302,1.036069,2014-09-24 17:56:11.483
0.9797986,1.043742,1.0321318,1.0373982,2014-09-24 17:56:12.483
0.9793442,1.0425853,1.031356,1.0368015,2014-09-24 17:56:13.483
0.97861886,1.0430961,1.0305879,1.0363529,2014-09-24 17:56:14.483
0.9773403,1.0417173,1.0304533,1.0360305,2014-09-24 17:56:15.483
0.98079664,1.044347,1.0325466,1.0375453,2014-09-24 17:56:16.483
0.97892857,1.0423886,1.0314729,1.036865,2014-09-24 17:56:17.483
0.9812009,1.04373,1.0331047,1.037678,2014-09-24 17:56:18.483
0.97904927,1.0432404,1.0321175,1.0373448,2014-09-24 17:56:19.483
0.9789203,1.0434197,1.0323836,1.037473,2014-09-24 17:56:20.483
0.9791535,1.0442979,1.0327361,1.0383034,2014-09-24 17:56:21.483
0.97841406,1.0424623,1.0311193,1.0371842,2014-09-24 17:56:22.483
0.97865623,1.0427558,1.03099,1.0361401,2014-09-24 17:56:23.483
0.97996795,1.0449235,1.033591,1.038922,2014-09-24 17:56:24.483
0.97953486,1.0430954,1.0323702,1.037483,2014-09-24 17:56:25.483
0.97823375,1.0420167,1.0300978,1.035396,2014-09-24 17:56:26.483
0.9772744,1.0410777,1.030178,1.0353264,2014-09-24 17:56:27.483
0.97953695,1.0423713,1.0311733,1.0372276,2014-09-24 17:56:28.483
0.9782693,1.0420067,1.0307354,1.0361603,2014-09-24 17:56:29.483
0.9782915,1.0424076,1.0309936,1.0360694,2014-09-24 17:56:30.483
0.97676086,1.0408261,1.030061,1.0352921,2014-09-24 17:56:31.483
0.97658104,1.0417632,1.0304614,1.0369042,2014-09-24 17:56:32.483
0.97846603,1.0429373,1.0318962,1.036651,2014-09-24 17:56:33.483
0.9774196,1.041664,1.0305316,1.0359285,2014-09-24 17:56:34.483
0.97967345,1.0425409,1.0313052,1.0354962,2014-09-24 17:56:35.483
0.9755639,1.0405113,1.0288237,1.0351186,2014-09-24 17:56:36.483
0.97928727,1.0426886,1.0314931,1.0376178,2014-09-24 17:56:37.483
0.97776556,1.041376,1.0304474,1.0358227,2014-09-24 17:56:38.483
0.9780118,1.0417871,1.0306221,1.0359668,2014-09-24 17:56:39.483
0.97879106,1.0412058,1.0307621,1.0359424,2014-09-24 17:56:40.483
0.9789411,1.0423454,1.0319242,1.037274,2014-09-24 17:56:41.483
0.9777927,1.0413605,1.030069,1.0349021,2014-09-24 17:56:42.483
0.9795334,1.0422703,1.0320605,1.0378201,2014-09-24 17:56:43.483
0.9790846,1.041899,1.0312024,1.0365381,2014-09-24 17:56:44.483
0.97926044,1.0417724,1.0317802,1.036721,2014-09-24 17:56:45.483
0.9787145,1.0412452,1.0307562,1.0368665,2014-09-24 17:56:46.483
0.9806038,1.0430491,1.0317093,1.0371162,2014-09-24 17:56:47.483
0.9784948,1.0410042,1.030665,1.0356803,2014-09-24 17:56:48.483
0.9790291,1.042414,1.0304167,1.0358407,2014-09-24 17:56:49.483
0.9785777,1.0427638,1.0319358,1.0365106,2014-09-24 17:56:50.483
0.9782761,1.0411181,1.0312356,1.0360298,2014-09-24 17:56:51.483
0.979602,1.0423253,1.031676,1.0362626,2014-09-24 17:56:52.483
0.9782273,1.0420666,1.031641,1.0371062,2014-09-24 17:56:53.483
0.9773174,1.0419259,1.0303819,1.0361359,2014-09-24 17:56:54.483
0.97840226,1.0421345,1.0312419,1.0368279,2014-09-24 17:56:55.483
0.9777618,1.0424457,1.0315032,1.0373615,2014-09-24 17:56:56.483
0.97909784,1.0429302,1.0321964,1.0365499,2014-09-24 17:56:57.483
0.9792668,1.0437117,1.0324036,1.0376025,2014-09-24 17:56:58.483
0.97881615,1.0425969,1.0315758,1.0368348,2014-09-24 17:56:59.483
0.97758514,1.0430195,1.030717,1.0365328,2014-09-24 17:57:00.483
0.976728,1.0412121,1.0301174,1.0357937,2014-09-24 17:57:01.483
0.97879255,1.0427175,1.0323639,1.0383661,2014-09-24 17:57:02.483
0.98000276,1.0430596,1.0323017,1.0368879,2014-09-24 17:57:03.483
0.97775066,1.0406092,1.0298189,1.0357273,2014-09-24 17:57:04.483
0.97871804,1.0433211,1.0316116,1.0374433,2014-09-24 17:57:05.483
0.978425,1.0427903,1.0315298,1.037075,2014-09-24 17:57:06.483
0.9792655,1.0421066,1.0314575,1.0381191,2014-09-24 17:57:07.483
0.97994894,1.0443363,1.0326902,1.0385816,2014-09-24 17:57:08.483
0.98053026,1.044005,1.0329338,1.0380408,2014-09-24 17:57:09.483
0.9805928,1.0437068,1.0326223,1.0365108,2014-09-24 17:57:10.483
0.98196125,1.0425739,1.032521,1.0381074,2014-09-24 17:57:11.483
0.97984636,1.0434848,1.0333744,1.0387539,2014-09-24 17:57:12.483
0.980409,1.0435549,1.0334522,1.038596,2014-09-24 17:57:13.483
0.97993416,1.0435152,1.0320922,1.0373616,2014-09-24 17:57:14.483
0.9791119,1.0417836,1.0328112,1.0373013,2014-09-24 17:57:15.483
0.98021775,1.0428838,1.0328051,1.0370301,2014-09-24 17:57:16.483
0.98134273,1.0437739,1.0330124,1.0374115,2014-09-24 17:57:17.483
0.97990984,1.04285,1.031595,1.0370297,2014-09-24 17:57:18.483
0.9803198,1.0441036,1.0332056,1.0385989,2014-09-24 17:57:19.483
0.9812096,1.0445166,1.0332564,1.038465,2014-09-24 17:57:20.483
0.98080945,1.0429611,1.033378,1.037964,2014-09-24 17:57:21.483
0.9826861,1.0449483,1.0345846,1.0397373,2014-09-24 17:57:22.483
0.98058337,1.0437814,1.0338695,1.0385455,2014-09-24 17:57:23.483
0.98298347,1.0447824,1.0347528,1.039131,2014-09-24 17:57:24.483
0.98005575,1.042753,1.0335867,1.0372634,2014-09-24 17:57:25.483
0.9804128,1.0436497,1.0342526,1.0386444,2014-09-24 17:57:26.483
0.98179984,1.0448208,1.0344429,1.0386815,2014-09-24 17:57:27.483
0.9817814,1.0421101,1.0328915,1.0372452,2014-09-24 17:57:28.483
0.9811761,1.0436552,1.0340253,1.037944,2014-09-24 17:57:29.483
0.9808059,1.0434914,1.033898,1.0377606,2014-09-24 17:57:30.483
0.9800089,1.0428805,1.0334603,1.0378623,2014-09-24 17:57:31.483
0.982207,1.0454142,1.035403,1.0394013,2014-09-24 17:57:32.483
0.9797951,1.0425737,1.0335454,1.037829,2014-09-24 17:57:33.483
0.98078305,1.0442485,1.0340499,1.0389801,2014-09-24 17:57:34.483
0.98213017,1.044586,1.0350207,1.0392905,2014-09-24 17:57:35.483
0.9814455,1.0418148,1.0336179,1.0377978,2014-09-24 17:57:36.483
0.9803724,1.0436678,1.0333354,1.0382116,2014-09-24 17:57:37.483
0.98084563,1.0442879,1.0342091,1.0386266,2014-09-24 17:57:38.483
0.981946,1.0442209,1.0342832,1.0381672,2014-09-24 17:57:39.483
0.98151964,1.043877,1.0345001,1.0384866,2014-09-24 17:57:40.483
0.9796498,1.0434704,1.0334324,1.0375463,2014-09-24 17:57:41.483
0.98032296,1.0430324,1.0342306,1.0378914,2014-09-24 17:57:42.483
0.98007655,1.0430672,1.0345466,1.0390499,2014-09-24 17:57:43.483
0.98148835,1.0442785,1.0354966,1.0394691,2014-09-24 17:57:44.483
0.98000354,1.0429862,1.034257,1.0378941,2014-09-24 17:57:45.483
0.97892207,1.0416353,1.0333707,1.0379293,2014-09-24 17:57:46.483
0.9810809,1.0437237,1.0355216,1.0394531,2014-09-24 17:57:47.483
0.9821943,1.0453131,1.035436,1.039602,2014-09-24 17:57:48.483
0.97913057,1.0419501,1.0329458,1.0364763,2014-09-24 17:57:49.483
0.9813692,1.043261,1.0349925,1.038464,2014-09-24 17:57:50.483
0.9791037,1.0424972,1.0337893,1.0374038,2014-09-24 17:57:51.483
0.9813421,1.0430248,1.0344896,1.0373535,2014-09-24 17:57:52.483
0.9803761,1.0427058,1.0332993,1.0373279,2014-09-24 17:57:53.483
0.9796269,1.0419905,1.0336349,1.0368018,2014-09-24 17:57:54.483
0.9805659,1.0422529,1.0334342,1.0377623,2014-09-24 17:57:55.483
0.97984296,1.0441825,1.035609,1.0390699,2014-09-24 17:57:56.483
0.97920245,1.0414692,1.0322181,1.0363005,2014-09-24 17:57:57.483
0.98494625,1.0446259,1.0358399,1.0395851,2014-09-24 17:57:58.483
0.9807958,1.0433764,1.0347918,1.0380633,2014-09-24 17:57:59.483
0.98213094,1.0452888,1.0357791,1.0397269,2014-09-24 17:58:00.483
0.9808751,1.0435774,1.0352622,1.0389692,2014-09-24 17:58:01.483
0.97918624,1.0422947,1.03322,1.037244,2014-09-24 17:58:02.483
0.9832725,1.0444858,1.035568,1.0398096,2014-09-24 17:58:03.483
0.9798978,1.0419449,1.0331181,1.0378548,2014-09-24 17:58:04.483
0.9827374,1.043973,1.0346302,1.0391023,2014-09-24 17:58:05.483
0.9827469,1.0440497,1.0353076,1.0393542,2014-09-24 17:58:06.483
0.9821281,1.04466,1.0345575,1.0387561,2014-09-24 17:58:07.483
0.9813134,1.0439363,1.0344391,1.0393524,2014-09-24 17:58:08.483
0.9806626,1.0440028,1.0346963,1.039482,2014-09-24 17:58:09.483
0.9806561,1.0429153,1.0347842,1.0381249,2014-09-24 17:58:10.483
0.98094237,1.0419561,1.0332737,1.0377123,2014-09-24 17:58:11.483
0.9816872,1.0442133,1.0356566,1.0398735,2014-09-24 17:58:12.483
0.98317826,1.0453193,1.0379503,1.0409472,2014-09-24 17:58:13.483
0.9815058,1.0438368,1.0362912,1.0392083,2014-09-24 17:58:14.483
0.98096865,1.0428764,1.0349904,1.0383614,2014-09-24 17:58:15.483
0.98032844,1.0429112,1.0349659,1.0384653,2014-09-24 17:58:16.483
0.98111326,1.042652,1.0346264,1.038782,2014-09-24 17:58:17.483
0.9800668,1.0429473,1.0346756,1.0382879,2014-09-24 17:58:18.483
0.98211974,1.0435038,1.0344148,1.037928,2014-09-24 17:58:19.483
0.9811118,1.0432026,1.0343323,1.0384927,2014-09-24 17:58:20.483
0.980636,1.0428784,1.0347506,1.0387849,2014-09-24 17:58:21.483
0.9830546,1.0447135,1.0361971,1.0387454,2014-09-24 17:58:22.483
0.98134285,1.0446651,1.0363661,1.0396,2014-09-24 17:58:23.483
0.980612,1.0425037,1.0348526,1.0383704,2014-09-24 17:58:24.483
0.9823265,1.0437682,1.0356301,1.0394872,2014-09-24 17:58:25.483
0.98161393,1.0443431,1.0362495,1.0396789,2014-09-24 17:58:26.483
0.9807906,1.0430318,1.0351598,1.0394671,2014-09-24 17:58:27.483
0.98134273,1.0430553,1.0352334,1.0381252,2014-09-24 17:58:28.483
0.98076916,1.0430676,1.0348378,1.038918,2014-09-24 17:58:29.483
0.98478824,1.045313,1.0362427,1.0381886,2014-09-24 17:58:30.483
0.98018265,1.0413684,1.0335613,1.0380185,2014-09-24 17:58:31.483
0.98015213,1.0414618,1.0334818,1.0370463,2014-09-24 17:58:32.483
0.9831274,1.044498,1.0354804,1.0376065,2014-09-24 17:58:33.483
0.98094577,1.0417168,1.0338992,1.0375514,2014-09-24 17:58:34.483
0.98226756,1.0434079,1.0363766,1.039186,2014-09-24 17:58:35.483
0.9810998,1.0422947,1.0337293,1.0390009,2014-09-24 17:58:36.483
0.97990674,1.0416932,1.0328115,1.0379137,2014-09-24 17:58:37.483
0.98104554,1.0420065,1.0338365,1.0382493,2014-09-24 17:58:38.483
0.9820963,1.0428908,1.0331372,1.0375404,2014-09-24 17:58:39.483
0.980392,1.0428729,1.0350704,1.0374767,2014-09-24 17:58:40.483
0.98077756,1.0424192,1.0343288,1.0384145,2014-09-24 17:58:41.483
0.9822894,1.0430733,1.0349654,1.0386662,2014-09-24 17:58:42.483
0.98140097,1.0417993,1.034416,1.0386618,2014-09-24 17:58:43.483
0.98049223,1.0404818,1.032257,1.036337,2014-09-24 17:58:44.483
0.9811831,1.0424135,1.0356054,1.0389782,2014-09-24 17:58:45.483
0.980494,1.0417653,1.0337673,1.0380772,2014-09-24 17:58:46.483
0.9814815,1.0435767,1.0345099,1.0388954,2014-09-24 17:58:47.483
0.9807157,1.0433195,1.0338897,1.0383179,2014-09-24 17:58:48.483
0.980251,1.0436555,1.0331362,1.0369706,2014-09-24 17:58:49.483
0.97912174,1.0403277,1.0330917,1.0373944,2014-09-24 17:58:50.483
0.9826815,1.043822,1.0359756,1.0390301,2014-09-24 17:58:51.483
0.9831255,1.0446237,1.0362691,1.0405957,2014-09-24 17:58:52.483
0.98327994,1.044351,1.036088,1.0396638,2014-09-24 17:58:53.483
0.98168546,1.0435284,1.035228,1.0387068,2014-09-24 17:58:54.483
0.9835934,1.0432744,1.0358411,1.039623,2014-09-24 17:58:55.483
0.9836474,1.044409,1.0367739,1.0402843,2014-09-24 17:58:56.483
0.98161376,1.0426444,1.0359741,1.0393115,2014-09-24 17:58:57.483
0.9817889,1.0418041,1.0355868,1.038608,2014-09-24 17:58:58.483
0.98228896,1.0425813,1.0352544,1.0382556,2014-09-24 17:58:59.483
0.9825036,1.0436819,1.036052,1.0389977,2014-09-24 17:59:00.483
0.98154145,1.0421331,1.0346485,1.0382887,2014-09-24 17:59:01.483
0.9831553,1.0434108,1.0362166,1.0401043,2014-09-24 17:59:02.483
0.9807842,1.0431412,1.0348752,1.0379976,2014-09-24 17:59:03.483
0.9827316,1.0440389,1.035997,1.0399232,2014-09-24 17:59:04.483
0.9822248,1.043258,1.035195,1.0387254,2014-09-24 17:59:05.483
0.98225296,1.0436019,1.0358803,1.0389577,2014-09-24 17:59:06.483
0.9825097,1.0438213,1.0363706,1.039832,2014-09-24 17:59:07.483
0.98292184,1.0445347,1.0360323,1.0392954,2014-09-24 17:59:08.483
0.9817037,1.0429893,1.0347468,1.0382361,2014-09-24 17:59:09.483
0.9816351,1.0433283,1.0349977,1.0391878,2014-09-24 17:59:10.483
0.9831635,1.0448974,1.0366173,1.0402982,2014-09-24 17:59:11.483
0.98393506,1.0436883,1.0361456,1.0397303,2014-09-24 17:59:12.483
0.98243386,1.0442133,1.0364107,1.0401782,2014-09-24 17:59:13.483
0.9819156,1.0427377,1.0352662,1.0389451,2014-09-24 17:59:14.483
0.98245364,1.0432673,1.0354578,1.0389768,2014-09-24 17:59:15.483
0.9820577,1.0436863,1.0364587,1.038178,2014-09-24 17:59:16.483
0.98257875,1.0450273,1.0367771,1.0402608,2014-09-24 17:59:17.483
0.98181456,1.0429672,1.0346462,1.0382946,2014-09-24 17:59:18.483
0.98205566,1.0435457,1.0356067,1.0394154,2014-09-24 17:59:19.483
0.9823326,1.0438237,1.0355003,1.0386729,2014-09-24 17:59:20.483
0.9814443,1.0423138,1.0347223,1.0381511,2014-09-24 17:59:21.483
0.98072857,1.0434978,1.0354965,1.0390137,2014-09-24 17:59:22.483
0.98121154,1.0441835,1.0359638,1.0397012,2014-09-24 17:59:23.483
0.98127466,1.0441424,1.0367763,1.0398227,2014-09-24 17:59:24.483
0.9808855,1.0436138,1.0353807,1.0391707,2014-09-24 17:59:25.483
0.98258567,1.0440922,1.0363638,1.0400572,2014-09-24 17:59:26.483
0.9825753,1.0439678,1.0361508,1.0393149,2014-09-24 17:59:27.483
0.9826652,1.0443268,1.035633,1.0388557,2014-09-24 17:59:28.483
0.98056746,1.0416626,1.0338426,1.0377991,2014-09-24 17:59:29.483
0.98111504,1.0434214,1.0355108,1.039607,2014-09-24 17:59:30.483
0.981576,1.0440121,1.0362742,1.0398548,2014-09-24 17:59:31.483
0.98317355,1.0450504,1.0367328,1.0400882,2014-09-24 17:59:32.483
0.98249483,1.0436305,1.0362226,1.039568,2014-09-24 17:59:33.483
0.98225653,1.0440457,1.0358393,1.0399325,2014-09-24 17:59:34.483
0.9804153,1.0430589,1.034763,1.0380669,2014-09-24 17:59:35.483
0.9817565,1.0432975,1.0352433,1.0383013,2014-09-24 17:59:36.483
0.9819911,1.0448759,1.036253,1.0397683,2014-09-24 17:59:37.483
0.9808373,1.0423491,1.0347725,1.0377952,2014-09-24 17:59:38.483
0.98159844,1.0441883,1.0349662,1.0387421,2014-09-24 17:59:39.483
0.98174816,1.043072,1.0347818,1.0383404,2014-09-24 17:59:40.483
0.9818009,1.0442448,1.03584,1.0395598,2014-09-24 17:59:41.483
0.9814415,1.0424196,1.0346591,1.0382845,2014-09-24 17:59:42.483
0.98323333,1.0451186,1.0367167,1.0400995,2014-09-24 17:59:43.483
0.9821484,1.044679,1.036679,1.0396694,2014-09-24 17:59:44.483
0.98126864,1.0429432,1.0342686,1.0377284,2014-09-24 17:59:45.483
0.9799812,1.0426285,1.0346947,1.0381768,2014-09-24 17:59:46.483
0.9835868,1.0451388,1.0366871,1.0402343,2014-09-24 17:59:47.483
0.98206615,1.0440574,1.0357181,1.0393497,2014-09-24 17:59:48.483
0.9813904,1.0428702,1.0344552,1.0381964,2014-09-24 17:59:49.483
0.98226875,1.0445703,1.0369246,1.0406839,2014-09-24 17:59:50.483
0.98129076,1.0444973,1.0368614,1.0404985,2014-09-24 17:59:51.483
0.981413,1.0434828,1.0351142,1.0384523,2014-09-24 17:59:52.483
0.98083067,1.0437975,1.0366433,1.039049,2014-09-24 17:59:53.483
0.9809753,1.043741,1.0356069,1.0391421,2014-09-24 17:59:54.483
0.98294955,1.0452094,1.0362426,1.0386649,2014-09-24 17:59:55.483
0.9820882,1.0439038,1.0350505,1.0387588,2014-09-24 17:59:56.483
0.9818778,1.0445561,1.036224,1.040121,2014-09-24 17:59:57.483
0.98104984,1.044161,1.035943,1.039352,2014-09-24 17:59:58.483
0.9827937,1.0438591,1.0360463,1.0400257,2014-09-24 17:59:59.483
0.9830564,1.044334,1.0361924,1.0400515,2014-09-24 18:00:00.483
0.9816968,1.0431013,1.0352137,1.0385525,2014-09-24 18:00:01.483
0.98249125,1.0446802,1.036507,1.0405027,2014-09-24 18:00:02.483
0.98317385,1.0454204,1.0375652,1.0402837,2014-09-24 18:00:03.483
0.982561,1.0444107,1.0363089,1.0396657,2014-09-24 18:00:04.483
0.98258483,1.0445077,1.0369734,1.0404459,2014-09-24 18:00:05.483
0.98165923,1.0440283,1.0366699,1.0396723,2014-09-24 18:00:06.483
0.9810293,1.0439466,1.0356853,1.0392818,2014-09-24 18:00:07.483
0.98164046,1.0437036,1.0358145,1.0391845,2014-09-24 18:00:08.483
0.9825175,1.0437489,1.0356714,1.0395741,2014-09-24 18:00:09.483
0.98096025,1.0433824,1.0345757,1.0392984,2014-09-24 18:00:10.483
0.9829836,1.0454136,1.0361698,1.040193,2014-09-24 18:00:11.483
0.98272777,1.0447278,1.0345285,1.0384082,2014-09-24 18:00:12.483
0.98151195,1.0436087,1.0348903,1.0396999,2014-09-24 18:00:13.483
0.9811572,1.0435433,1.0348374,1.0395712,2014-09-24 18:00:14.483
0.9823297,1.0438206,1.0347377,1.039342,2014-09-24 18:00:15.483
0.9821658,1.0451686,1.0357058,1.0398173,2014-09-24 18:00:16.483
0.9819409,1.0445487,1.033949,1.0373257,2014-09-24 18:00:17.483
0.98088074,1.0444629,1.0342939,1.0391687,2014-09-24 18:00:18.483
0.9827444,1.0453643,1.0354387,1.0399977,2014-09-24 18:00:19.483
0.983521,1.0458715,1.0365293,1.0407898,2014-09-24 18:00:20.483
0.9807653,1.0453846,1.0359313,1.0371252,2014-09-24 18:00:21.483
0.9828293,1.0442258,1.0337393,1.0377444,2014-09-24 18:00:22.483
0.9830474,1.0461285,1.03599,1.0404941,2014-09-24 18:00:23.483
0.98066616,1.0436288,1.0357554,1.0395181,2014-09-24 18:00:24.483
0.9811313,1.04179,1.0335101,1.0374156,2014-09-24 18:00:25.483
0.9834345,1.0421226,1.031582,1.035877,2014-09-24 18:00:26.483
0.9820476,1.0444014,1.0353906,1.0395696,2014-09-24 18:00:27.483
0.9819974,1.0435796,1.0359406,1.040028,2014-09-24 18:00:28.483
0.9816623,1.042522,1.0340993,1.0374565,2014-09-24 18:00:29.483
0.9823145,1.0435809,1.0353973,1.0388086,2014-09-24 18:00:30.483
0.9811965,1.0439924,1.0350064,1.0383812,2014-09-24 18:00:31.483
0.983589,1.0450997,1.0358639,1.0395097,2014-09-24 18:00:32.483
0.983329,1.0452018,1.0367657,1.0391455,2014-09-24 18:00:33.483
0.9809856,1.043636,1.0348818,1.0394044,2014-09-24 18:00:34.483
0.98140335,1.0445269,1.0355805,1.03975,2014-09-24 18:00:35.483
0.9813487,1.0438783,1.0354971,1.040044,2014-09-24 18:00:36.483
0.9824695,1.0451307,1.0363802,1.0399222,2014-09-24 18:00:37.483
0.98314846,1.046211,1.0376713,1.0400385,2014-09-24 18:00:38.483
0.9829399,1.0447366,1.0368917,1.040496,2014-09-24 18:00:39.483
0.98216707,1.0448956,1.0363599,1.0403533,2014-09-24 18:00:40.483
0.98312765,1.0456597,1.0368932,1.0404822,2014-09-24 18:00:41.483
0.98341954,1.0451156,1.0363312,1.0403377,2014-09-24 18:00:42.483
0.983239,1.0446464,1.036314,1.0398959,2014-09-24 18:00:43.483
0.98109776,1.0443726,1.0363303,1.0397565,2014-09-24 18:00:44.483
0.98291504,1.0446937,1.0363187,1.0399526,2014-09-24 18:00:45.483
0.982568,1.0446694,1.0357734,1.0396214,2014-09-24 18:00:46.483
0.98459667,1.0463991,1.0378501,1.0411758,2014-09-24 18:00:47.483
0.981475,1.0435197,1.0348669,1.0381007,2014-09-24 18:00:48.483
0.9822896,1.0439544,1.0357641,1.0395249,2014-09-24 18:00:49.483
0.9815026,1.0445726,1.0361439,1.0399083,2014-09-24 18:00:50.483
0.9820425,1.0440226,1.0358881,1.0402352,2014-09-24 18:00:51.483
0.9828704,1.0449328,1.0365235,1.0397171,2014-09-24 18:00:52.483
0.9811575,1.0431502,1.0350168,1.0383937,2014-09-24 18:00:53.483
0.98243713,1.0441929,1.0359846,1.0400498,2014-09-24 18:00:54.483
0.98437583,1.0460345,1.0378923,1.0418823,2014-09-24 18:00:55.483
0.98246366,1.044968,1.0370122,1.0408615,2014-09-24 18:00:56.483
0.9838458,1.0451295,1.0369574,1.0403104,2014-09-24 18:00:57.483
0.98038054,1.0434076,1.035554,1.0393306,2014-09-24 18:00:58.483
0.9821241,1.0443916,1.0364419,1.0405453,2014-09-24 18:00:59.483
0.98187053,1.0441923,1.0363925,1.0401397,2014-09-24 18:01:00.483
0.98202014,1.043678,1.0359765,1.0393732,2014-09-24 18:01:01.483
0.98393524,1.0462288,1.0376894,1.0414606,2014-09-24 18:01:02.483
0.98242646,1.0443767,1.035653,1.0398257,2014-09-24 18:01:03.483
0.9814799,1.0446777,1.0367149,1.040825,2014-09-24 18:01:04.483
0.98390675,1.0458163,1.0378497,1.0414182,2014-09-24 18:01:05.483
0.98251384,1.0458149,1.0374478,1.0412657,2014-09-24 18:01:06.483
0.9826925,1.0454347,1.037223,1.0404923,2014-09-24 18:01:07.483
0.9833826,1.0471095,1.03877,1.0431093,2014-09-24 18:01:08.483
